name,BC_type,vessel_type,inp_vessels,out_vessels,x,y,z
L2_E0,pp,artery_outlet,L2_E2,L2_E0_PO,44.699655,4.37619,4.96676565
L2_E1,pp,artery,L2_E2,L2_E3,48.138090174713135,5.126394011647543,5.9601189987210095
L2_E2,pv,artery_Minlet,L2_E2_PI,L2_E0 L2_E1,45.01224,5.00136,2.7091449
L2_E3,vp,artery_outlet,L2_E1,L2_E3_PO,50.37427521392544,5.275473014261696,8.759568777810365
L2_E2_PI,nn,P_inlet,,L2_E2,45.01224,5.00136,2.7091449
L2_E0_PO,nn,P_outlet,L2_E0,,44.699655,4.37619,4.96676565
L2_E3_PO,nn,P_outlet,L2_E3,,50.37427521392544,5.275473014261696,8.759568777810365
